<?xml version='1.0' encoding='UTF-8'?><codeBook xmlns="http://www.icpsr.umich.edu/DDI" version="2.0"><stdyDscr><citation><titlStmt><titl>Parental Vaccine Hesitancy Data</titl><IDNo agency="doi">10.5683/SP2/1JXQ2C</IDNo></titlStmt><rspStmt><AuthEnty>Reuben, Rebekah</AuthEnty></rspStmt><biblCit>Reuben, Rebekah, 2020, "Parental Vaccine Hesitancy Data", https://doi.org/10.5683/SP2/1JXQ2C, Scholars Portal Dataverse, V1, UNF:6:In5hsuCC4JLzT/kE1X/Sjw== [fileUNF]</biblCit></citation></stdyDscr><fileDscr ID="f116005"><fileTxt><fileName>mturk_vaccine_hesitancy.tab</fileName><dimensns><caseQnty>484</caseQnty><varQnty>14</varQnty></dimensns><fileType>text/tab-separated-values</fileType></fileTxt><notes level="file" type="VDC:UNF" subject="Universal Numeric Fingerprint">UNF:6:In5hsuCC4JLzT/kE1X/Sjw==</notes></fileDscr><dataDscr><var ID="v444833" name="ID" intrvl="discrete"><location fileid="f116005"/><labl level="variable">ID</labl><sumStat type="mean">254.9194214876028</sumStat><sumStat type="min">1.0</sumStat><sumStat type="vald">484.0</sumStat><sumStat type="max">541.0</sumStat><sumStat type="invd">0.0</sumStat><sumStat type="mode">.</sumStat><sumStat type="stdev">148.9783416765388</sumStat><sumStat type="medn">252.5</sumStat><varFormat type="numeric"/><notes subject="Universal Numeric Fingerprint" level="variable" type="VDC:UNF">UNF:6:73LLaB3CpBV3gShOmSdsHg==</notes></var><var ID="v444824" name="sex" intrvl="discrete"><location fileid="f116005"/><labl level="variable">sex</labl><sumStat type="max">2.0</sumStat><sumStat type="mode">.</sumStat><sumStat type="mean">1.6763485477178424</sumStat><sumStat type="stdev">0.46835487159452965</sumStat><sumStat type="min">1.0</sumStat><sumStat type="medn">2.0</sumStat><sumStat type="vald">482.0</sumStat><sumStat type="invd">2.0</sumStat><varFormat type="numeric"/><notes subject="Universal Numeric Fingerprint" level="variable" type="VDC:UNF">UNF:6:dU3TwRYgxhpegarDENVXag==</notes></var><var ID="v444827" name="education" intrvl="discrete"><location fileid="f116005"/><labl level="variable">education</labl><sumStat type="min">2.0</sumStat><sumStat type="medn">7.0</sumStat><sumStat type="mean">5.786749482401657</sumStat><sumStat type="mode">.</sumStat><sumStat type="vald">483.0</sumStat><sumStat type="stdev">1.813409706853799</sumStat><sumStat type="max">10.0</sumStat><sumStat type="invd">1.0</sumStat><varFormat type="numeric"/><notes subject="Universal Numeric Fingerprint" level="variable" type="VDC:UNF">UNF:6:p8dWzyCWoQA/bA4Gx0Dt0g==</notes></var><var ID="v444829" name="age" intrvl="discrete"><location fileid="f116005"/><labl level="variable">age</labl><sumStat type="stdev">11.404953775789922</sumStat><sumStat type="mode">.</sumStat><sumStat type="invd">1.0</sumStat><sumStat type="mean">42.08902691511386</sumStat><sumStat type="vald">483.0</sumStat><sumStat type="max">77.0</sumStat><sumStat type="min">19.0</sumStat><sumStat type="medn">40.0</sumStat><varFormat type="numeric"/><notes subject="Universal Numeric Fingerprint" level="variable" type="VDC:UNF">UNF:6:DXj8RxELdtqLYh8f82m56A==</notes></var><var ID="v444830" name="religiosity" intrvl="discrete"><location fileid="f116005"/><labl level="variable">religiosity</labl><sumStat type="max">7.0</sumStat><sumStat type="min">1.0</sumStat><sumStat type="medn">4.0</sumStat><sumStat type="mode">.</sumStat><sumStat type="vald">471.0</sumStat><sumStat type="invd">13.0</sumStat><sumStat type="mean">3.8450106157112525</sumStat><sumStat type="stdev">2.3282199277134374</sumStat><varFormat type="numeric"/><notes subject="Universal Numeric Fingerprint" level="variable" type="VDC:UNF">UNF:6:1CcVvHZS+QaqAdn4ozsvcA==</notes></var><var ID="v444831" name="politics" intrvl="discrete"><location fileid="f116005"/><labl level="variable">politics</labl><sumStat type="medn">4.0</sumStat><sumStat type="invd">10.0</sumStat><sumStat type="max">7.0</sumStat><sumStat type="mode">.</sumStat><sumStat type="min">1.0</sumStat><sumStat type="stdev">1.763837579015467</sumStat><sumStat type="mean">3.928270042194093</sumStat><sumStat type="vald">474.0</sumStat><varFormat type="numeric"/><notes subject="Universal Numeric Fingerprint" level="variable" type="VDC:UNF">UNF:6:fFL5sNzfdfhh7LDfirLKvQ==</notes></var><var ID="v444821" name="pacv_final" intrvl="contin"><location fileid="f116005"/><labl level="variable">pacv_final</labl><sumStat type="mode">.</sumStat><sumStat type="mean">30.30033793802066</sumStat><sumStat type="medn">22.22222222</sumStat><sumStat type="stdev">24.587643941047215</sumStat><sumStat type="max">94.44444444</sumStat><sumStat type="min">0.0</sumStat><sumStat type="invd">0.0</sumStat><sumStat type="vald">484.0</sumStat><varFormat type="numeric"/><notes subject="Universal Numeric Fingerprint" level="variable" type="VDC:UNF">UNF:6:GIZR25tGXJ0Kj+3TSDWbMw==</notes></var><var ID="v444820" name="pathogen_disgust" intrvl="contin"><location fileid="f116005"/><labl level="variable">pathogen_disgust</labl><sumStat type="vald">484.0</sumStat><sumStat type="invd">0.0</sumStat><sumStat type="mode">.</sumStat><sumStat type="mean">5.001249508053719</sumStat><sumStat type="stdev">1.2392360012488444</sumStat><sumStat type="min">1.0</sumStat><sumStat type="max">7.0</sumStat><sumStat type="medn">5.142857143</sumStat><varFormat type="numeric"/><notes subject="Universal Numeric Fingerprint" level="variable" type="VDC:UNF">UNF:6:79F3DqhlgQtz1wk/PMH8Nw==</notes></var><var ID="v444832" name="sexual_disgust" intrvl="contin"><location fileid="f116005"/><labl level="variable">sexual_disgust</labl><sumStat type="mode">.</sumStat><sumStat type="max">7.0</sumStat><sumStat type="mean">3.9979830775289256</sumStat><sumStat type="invd">0.0</sumStat><sumStat type="min">1.0</sumStat><sumStat type="vald">484.0</sumStat><sumStat type="medn">4.0714285715</sumStat><sumStat type="stdev">1.6208290645707015</sumStat><varFormat type="numeric"/><notes subject="Universal Numeric Fingerprint" level="variable" type="VDC:UNF">UNF:6:NOSl3HfQpEP6I1g7YM9nEQ==</notes></var><var ID="v444822" name="moral_disgust" intrvl="contin"><location fileid="f116005"/><labl level="variable">moral_disgust</labl><sumStat type="min">1.0</sumStat><sumStat type="mean">4.958854781603305</sumStat><sumStat type="vald">484.0</sumStat><sumStat type="medn">5.142857143</sumStat><sumStat type="stdev">1.4852770031548808</sumStat><sumStat type="max">7.0</sumStat><sumStat type="invd">0.0</sumStat><sumStat type="mode">.</sumStat><varFormat type="numeric"/><notes subject="Universal Numeric Fingerprint" level="variable" type="VDC:UNF">UNF:6:f1xZj4jNG1vrryoBtYP6Sw==</notes></var><var ID="v444826" name="hospitals_trust" intrvl="discrete"><location fileid="f116005"/><labl level="variable">hospitals_trust</labl><sumStat type="mode">.</sumStat><sumStat type="invd">2.0</sumStat><sumStat type="medn">5.0</sumStat><sumStat type="stdev">1.3487932672390903</sumStat><sumStat type="vald">482.0</sumStat><sumStat type="max">7.0</sumStat><sumStat type="mean">5.192946058091286</sumStat><sumStat type="min">1.0</sumStat><varFormat type="numeric"/><notes subject="Universal Numeric Fingerprint" level="variable" type="VDC:UNF">UNF:6:iaSsYKU996nVKFLsuobK8w==</notes></var><var ID="v444823" name="physicians_trust" intrvl="discrete"><location fileid="f116005"/><labl level="variable">physicians_trust</labl><sumStat type="stdev">1.2513130651441002</sumStat><sumStat type="vald">483.0</sumStat><sumStat type="medn">6.0</sumStat><sumStat type="mode">.</sumStat><sumStat type="max">7.0</sumStat><sumStat type="min">1.0</sumStat><sumStat type="invd">1.0</sumStat><sumStat type="mean">5.509316770186335</sumStat><varFormat type="numeric"/><notes subject="Universal Numeric Fingerprint" level="variable" type="VDC:UNF">UNF:6:Fas5mTrDAZyUHwvGLPfHwg==</notes></var><var ID="v444825" name="surgeons_trust" intrvl="discrete"><location fileid="f116005"/><labl level="variable">surgeons_trust</labl><sumStat type="min">1.0</sumStat><sumStat type="mode">.</sumStat><sumStat type="mean">5.696280991735537</sumStat><sumStat type="max">7.0</sumStat><sumStat type="vald">484.0</sumStat><sumStat type="invd">0.0</sumStat><sumStat type="medn">6.0</sumStat><sumStat type="stdev">1.2127286497906444</sumStat><varFormat type="numeric"/><notes subject="Universal Numeric Fingerprint" level="variable" type="VDC:UNF">UNF:6:dGzeJzYyDsWKtLHaz3vRMA==</notes></var><var ID="v444828" name="group" intrvl="discrete"><location fileid="f116005"/><labl level="variable">group</labl><varFormat type="character"/><notes subject="Universal Numeric Fingerprint" level="variable" type="VDC:UNF">UNF:6:+cDlBQFhOeEM6wPTs5Xzxw==</notes></var></dataDscr></codeBook>